{
  "metrics_stats": {
    "cv_auc_mean": {
      "mean": 0.8341811452383461,
      "std": 0.056963956431000745,
      "min": 0.7495128896882494,
      "max": 0.9159930978112796,
      "median": 0.8404761388685144
    },
    "test_roc_auc": {
      "mean": 0.8400850398109283,
      "std": 0.0692428114396178,
      "min": 0.7582442067736186,
      "max": 0.9559082892416226,
      "median": 0.8317570426877116
    },
    "test_f1": {
      "mean": 0.7186091095115421,
      "std": 0.22830569344774726,
      "min": 0.1621621621621621,
      "max": 0.944927536231884,
      "median": 0.7323314982889451
    },
    "test_mcc": {
      "mean": 0.5070771309500385,
      "std": 0.14023281231693238,
      "min": 0.1999000749375546,
      "max": 0.746031746031746,
      "median": 0.4987687900040757
    }
  },
  "dataset_stats": {
    "total_size": 6316.0,
    "mean_size": 631.6,
    "min_size": 268.0,
    "max_size": 990.0,
    "median_size": 679.5
  },
  "feature_stats": {
    "mean_features": 51.1,
    "min_features": 22.0,
    "max_features": 79.0,
    "median_features": 55.5
  },
  "n_targets": 10,
  "n_candidates": 37
}