{
  "kendall_w": 0.8289725385532447,
  "per_target_w": {
    "CHEMBL1947": 0.8818058332206768,
    "CHEMBL2047": 0.7364347324506687,
    "CHEMBL2083": 0.874967864975923,
    "CHEMBL235": 0.9223754142007221,
    "CHEMBL239": 0.9244228234861481,
    "CHEMBL3247": 0.9177150370737474,
    "CHEMBL3351": 0.9173476592056968,
    "CHEMBL4158": 0.5580062710565679,
    "CHEMBL5080": 0.678026142615852,
    "CHEMBL5853": 0.8786236072464438
  },
  "avg_jaccard": 0.7161809502513657,
  "n_break_gaps": 1,
  "ta_robustness": 0.0,
  "gap_params": {
    "tanimoto": 0.8,
    "delta": 0.4
  },
  "calibrated_prob": 1
}